{"train_time": 230.01772165298462, "test_auc": 0.7415879444444445, "test_time": 2.0302186012268066}