{"train_time": 220.1299512386322, "test_auc": 0.8289058328431151, "test_time": 1.5431702136993408}