{"train_time": 338.2010552883148, "test_auc": 0.6636571111111111, "test_time": 2.676701545715332}